Month,City,Cuisine,Orders,Revenue,Avg_Order_Value,Avg_Delivery_Time_Min,Cancellation_Rate,Avg_Rider_Rating
2023-06,Mumbai,North Indian,3296,1117043.83,338.83,28.1,0.035,4.49
2023-06,Mumbai,South Indian,2173,895064.87,411.85,35.3,0.023,4.71
2023-06,Mumbai,Chinese,2673,756195.82,282.87,31.2,0.025,4.27
2023-06,Mumbai,Italian,1435,554293.66,386.26,31.4,0.03,4.69
2023-06,Mumbai,Fast Food,3714,1069097.47,287.79,32.0,0.045,4.49
2023-06,Delhi,North Indian,3144,1196479.85,380.5,33.5,0.048,4.56
2023-06,Delhi,South Indian,2197,634928.02,288.92,28.7,0.03,4.42
2023-06,Delhi,Chinese,2436,706261.78,289.85,35.9,0.047,4.37
2023-06,Delhi,Italian,1479,541708.03,366.24,29.7,0.033,4.42
2023-06,Delhi,Fast Food,3686,1410487.2,382.6,28.2,0.043,4.24
2023-06,Bangalore,North Indian,2824,1081541.52,382.85,32.0,0.031,4.76
2023-06,Bangalore,South Indian,1846,725670.73,392.92,34.5,0.044,4.66
2023-06,Bangalore,Chinese,2361,771722.31,326.74,37.5,0.03,4.64
2023-06,Bangalore,Italian,1349,493283.15,365.63,32.6,0.022,4.42
2023-06,Bangalore,Fast Food,3511,1346860.29,383.59,31.7,0.025,4.45
2023-06,Pune,North Indian,2011,786883.66,391.14,35.3,0.046,4.7
2023-06,Pune,South Indian,1629,500164.04,307.02,31.3,0.033,4.66
2023-06,Pune,Chinese,1904,618337.13,324.64,34.6,0.037,4.54
2023-06,Pune,Italian,993,395780.16,398.29,32.4,0.023,4.38
2023-06,Pune,Fast Food,2395,771682.67,322.14,31.4,0.041,4.25
2023-06,Hyderabad,North Indian,2223,706363.47,317.7,34.3,0.045,4.59
2023-06,Hyderabad,South Indian,1633,579281.71,354.72,32.2,0.029,4.75
2023-06,Hyderabad,Chinese,1991,759465.87,381.35,33.0,0.039,4.5
2023-06,Hyderabad,Italian,1109,380293.81,342.69,37.7,0.048,4.53
2023-06,Hyderabad,Fast Food,2349,957963.56,407.65,37.3,0.027,4.39
2023-06,Chennai,North Indian,2433,824466.93,338.85,34.0,0.048,4.78
2023-06,Chennai,South Indian,1566,594818.22,379.81,33.1,0.024,4.51
2023-06,Chennai,Chinese,2036,611399.87,300.29,37.6,0.049,4.76
2023-06,Chennai,Italian,1141,408055.8,357.55,34.5,0.022,4.64
2023-06,Chennai,Fast Food,2737,855810.18,312.6,28.6,0.045,4.62
2023-07,Mumbai,North Indian,3019,1047721.2,346.96,31.6,0.022,4.75
2023-07,Mumbai,South Indian,2397,877275.59,365.96,34.8,0.048,4.39
2023-07,Mumbai,Chinese,2471,710328.11,287.41,28.8,0.049,4.7
2023-07,Mumbai,Italian,1475,558971.71,378.86,36.1,0.026,4.75
2023-07,Mumbai,Fast Food,3786,1150715.06,303.91,34.7,0.027,4.38
2023-07,Delhi,North Indian,2843,1095370.46,385.26,31.2,0.029,4.73
2023-07,Delhi,South Indian,2132,616714.1,289.16,34.9,0.037,4.54
2023-07,Delhi,Chinese,2488,907202.16,364.52,37.0,0.036,4.56
2023-07,Delhi,Italian,1443,432607.91,299.69,35.9,0.027,4.33
2023-07,Delhi,Fast Food,3637,1411900.08,388.16,33.4,0.024,4.74
2023-07,Bangalore,North Indian,2512,1022880.2,407.18,30.3,0.034,4.33
2023-07,Bangalore,South Indian,2114,738043.99,349.1,31.7,0.04,4.31
2023-07,Bangalore,Chinese,2255,762677.89,338.14,32.5,0.021,4.45
2023-07,Bangalore,Italian,1350,429897.08,318.36,36.8,0.048,4.77
2023-07,Bangalore,Fast Food,3136,1289980.4,411.25,33.9,0.038,4.38
2023-07,Pune,North Indian,2281,779471.44,341.71,31.3,0.039,4.35
2023-07,Pune,South Indian,1469,484347.56,329.57,36.3,0.036,4.39
2023-07,Pune,Chinese,1710,483479.47,282.57,33.0,0.043,4.64
2023-07,Pune,Italian,954,379584.5,397.5,30.8,0.035,4.3
2023-07,Pune,Fast Food,2496,999637.73,400.38,31.4,0.036,4.27
2023-07,Hyderabad,North Indian,2159,832864.19,385.74,33.2,0.031,4.53
2023-07,Hyderabad,South Indian,1651,535251.08,324.05,37.9,0.025,4.73
2023-07,Hyderabad,Chinese,1992,771354.06,387.04,31.0,0.026,4.69
2023-07,Hyderabad,Italian,1056,306565.33,290.16,33.6,0.046,4.43
2023-07,Hyderabad,Fast Food,2816,837606.56,297.38,28.3,0.039,4.26
2023-07,Chennai,North Indian,2492,795500.77,319.18,34.6,0.024,4.34
2023-07,Chennai,South Indian,1636,473242.84,289.2,35.9,0.034,4.6
2023-07,Chennai,Chinese,2040,686387.74,336.3,28.8,0.028,4.62
2023-07,Chennai,Italian,1160,448916.94,386.74,32.5,0.041,4.59
2023-07,Chennai,Fast Food,2995,1092274.33,364.63,32.7,0.046,4.21
2023-08,Mumbai,North Indian,3188,1170259.46,367.02,30.9,0.032,4.69
2023-08,Mumbai,South Indian,2377,875659.76,368.29,31.2,0.025,4.69
2023-08,Mumbai,Chinese,2607,766114.12,293.78,37.0,0.03,4.58
2023-08,Mumbai,Italian,1415,585683.68,413.89,33.4,0.049,4.45
2023-08,Mumbai,Fast Food,3659,1411170.45,385.64,35.2,0.027,4.48
2023-08,Delhi,North Indian,3246,943955.14,290.77,33.2,0.034,4.56
2023-08,Delhi,South Indian,2035,837700.87,411.6,35.0,0.049,4.78
2023-08,Delhi,Chinese,2441,743425.7,304.5,34.2,0.029,4.71
2023-08,Delhi,Italian,1417,554198.2,390.88,29.1,0.027,4.59
2023-08,Delhi,Fast Food,3549,1138734.73,320.84,30.3,0.029,4.48
2023-08,Bangalore,North Indian,2575,992689.46,385.46,32.1,0.037,4.47
2023-08,Bangalore,South Indian,2003,605318.24,302.08,29.2,0.036,4.73
2023-08,Bangalore,Chinese,2425,891186.75,367.44,35.0,0.021,4.72
2023-08,Bangalore,Italian,1377,452171.23,328.37,32.7,0.033,4.74
2023-08,Bangalore,Fast Food,3091,1154989.0,373.64,36.8,0.021,4.44
2023-08,Pune,North Indian,2085,839422.25,402.41,36.2,0.034,4.26
2023-08,Pune,South Indian,1528,462024.71,302.2,34.4,0.026,4.77
2023-08,Pune,Chinese,1999,726862.3,363.51,32.0,0.038,4.33
2023-08,Pune,Italian,1022,313891.76,306.96,33.2,0.046,4.47
2023-08,Pune,Fast Food,2558,922847.48,360.74,31.7,0.026,4.69
2023-08,Hyderabad,North Indian,2413,960148.12,397.88,35.1,0.043,4.34
2023-08,Hyderabad,South Indian,1527,575648.58,376.77,33.8,0.033,4.78
2023-08,Hyderabad,Chinese,1933,543157.6,280.94,31.8,0.024,4.5
2023-08,Hyderabad,Italian,1129,372214.4,329.6,33.2,0.032,4.58
2023-08,Hyderabad,Fast Food,2712,918846.6,338.73,37.4,0.04,4.62
2023-08,Chennai,North Indian,2462,919900.32,373.57,37.2,0.047,4.62
2023-08,Chennai,South Indian,1655,520786.81,314.64,37.4,0.026,4.47
2023-08,Chennai,Chinese,1910,637035.79,333.41,29.3,0.031,4.7
2023-08,Chennai,Italian,1278,512240.56,400.66,37.5,0.033,4.35
2023-08,Chennai,Fast Food,2848,849784.36,298.34,32.4,0.044,4.3
2023-09,Mumbai,North Indian,3197,984757.08,308.0,34.5,0.044,4.23
2023-09,Mumbai,South Indian,2321,666158.82,286.97,29.4,0.038,4.51
2023-09,Mumbai,Chinese,2780,789646.98,284.0,30.0,0.044,4.26
2023-09,Mumbai,Italian,1563,490321.88,313.64,32.3,0.046,4.36
2023-09,Mumbai,Fast Food,3641,1261855.78,346.5,32.5,0.044,4.5
2023-09,Delhi,North Indian,2729,840576.83,307.99,29.3,0.046,4.5
2023-09,Delhi,South Indian,2060,843751.07,409.48,34.4,0.043,4.38
2023-09,Delhi,Chinese,2667,785332.0,294.46,32.3,0.031,4.31
2023-09,Delhi,Italian,1413,467178.8,330.48,32.6,0.034,4.79
2023-09,Delhi,Fast Food,3381,1065356.1,315.07,30.6,0.047,4.31
2023-09,Bangalore,North Indian,2953,1055911.77,357.49,28.6,0.044,4.32
2023-09,Bangalore,South Indian,1822,543396.33,298.18,35.6,0.041,4.44
2023-09,Bangalore,Chinese,2537,1063351.64,419.06,36.8,0.036,4.49
2023-09,Bangalore,Italian,1351,451791.65,334.36,35.7,0.024,4.79
2023-09,Bangalore,Fast Food,2898,1012661.14,349.37,31.4,0.038,4.65
2023-09,Pune,North Indian,2239,701735.81,313.35,36.9,0.042,4.47
2023-09,Pune,South Indian,1461,532733.31,364.42,37.9,0.029,4.49
2023-09,Pune,Chinese,1784,729833.1,408.91,36.0,0.046,4.34
2023-09,Pune,Italian,1066,404634.07,379.54,29.1,0.043,4.45
2023-09,Pune,Fast Food,2380,828767.76,348.13,28.5,0.036,4.31
2023-09,Hyderabad,North Indian,2379,718749.81,302.06,37.1,0.033,4.21
2023-09,Hyderabad,South Indian,1607,642376.06,399.51,36.8,0.048,4.54
2023-09,Hyderabad,Chinese,1944,594403.06,305.64,34.9,0.048,4.77
2023-09,Hyderabad,Italian,1114,465727.57,417.94,36.7,0.048,4.68
2023-09,Hyderabad,Fast Food,2851,1187565.52,416.43,30.2,0.04,4.48
2023-09,Chennai,North Indian,2446,704029.83,287.76,31.8,0.044,4.39
2023-09,Chennai,South Indian,1836,739370.43,402.54,36.4,0.033,4.49
2023-09,Chennai,Chinese,1940,679654.76,350.34,30.0,0.047,4.39
2023-09,Chennai,Italian,1108,394010.98,355.42,28.4,0.041,4.44
2023-09,Chennai,Fast Food,2928,1175773.09,401.51,29.5,0.033,4.57
2023-10,Mumbai,North Indian,3524,1132087.65,321.2,36.4,0.044,4.74
2023-10,Mumbai,South Indian,2570,1053593.25,409.93,30.2,0.021,4.26
2023-10,Mumbai,Chinese,3346,1344168.83,401.63,30.4,0.045,4.37
2023-10,Mumbai,Italian,1629,461889.07,283.48,31.5,0.021,4.76
2023-10,Mumbai,Fast Food,4306,1332267.7,309.4,35.9,0.033,4.4
2023-10,Delhi,North Indian,3382,1292656.91,382.11,29.3,0.022,4.37
2023-10,Delhi,South Indian,2777,969838.75,349.17,33.0,0.042,4.57
2023-10,Delhi,Chinese,3037,1107322.21,364.49,31.4,0.05,4.31
2023-10,Delhi,Italian,1906,579720.41,304.14,35.0,0.025,4.61
2023-10,Delhi,Fast Food,3997,1646037.41,411.79,31.5,0.04,4.44
2023-10,Bangalore,North Indian,3097,1078001.81,348.02,36.4,0.026,4.57
2023-10,Bangalore,South Indian,2338,807084.26,345.2,34.9,0.021,4.58
2023-10,Bangalore,Chinese,2877,946421.43,328.95,37.2,0.04,4.43
2023-10,Bangalore,Italian,1779,614197.02,345.08,38.0,0.048,4.42
2023-10,Bangalore,Fast Food,3978,1497497.73,376.37,35.4,0.045,4.75
2023-10,Pune,North Indian,2448,960041.73,392.03,35.0,0.022,4.55
2023-10,Pune,South Indian,1933,566417.24,293.01,34.3,0.034,4.4
2023-10,Pune,Chinese,2113,613047.49,290.13,34.7,0.036,4.3
2023-10,Pune,Italian,1304,535733.85,410.61,36.8,0.036,4.38
2023-10,Pune,Fast Food,2987,1105227.49,370.01,32.0,0.048,4.26
2023-10,Hyderabad,North Indian,2627,826146.8,314.47,33.0,0.048,4.78
2023-10,Hyderabad,South Indian,1985,565830.84,284.94,30.8,0.02,4.56
2023-10,Hyderabad,Chinese,2358,811889.93,344.22,35.0,0.046,4.33
2023-10,Hyderabad,Italian,1320,510306.81,386.36,35.8,0.043,4.35
2023-10,Hyderabad,Fast Food,3375,962472.68,285.12,31.9,0.048,4.32
2023-10,Chennai,North Indian,2748,1037214.97,377.42,36.2,0.042,4.6
2023-10,Chennai,South Indian,1948,707913.89,363.27,28.3,0.044,4.47
2023-10,Chennai,Chinese,2485,815866.61,328.19,36.2,0.048,4.58
2023-10,Chennai,Italian,1209,340431.61,281.36,35.3,0.025,4.27
2023-10,Chennai,Fast Food,3510,1241811.0,353.79,35.9,0.026,4.3
2023-11,Mumbai,North Indian,3594,1383436.55,384.89,37.6,0.035,4.42
2023-11,Mumbai,South Indian,2855,961868.0,336.86,31.0,0.04,4.45
2023-11,Mumbai,Chinese,3101,1286866.14,414.92,36.1,0.022,4.33
2023-11,Mumbai,Italian,1797,652828.73,363.23,31.6,0.03,4.26
2023-11,Mumbai,Fast Food,4515,1744049.23,386.24,33.8,0.043,4.67
2023-11,Delhi,North Indian,3370,1149025.19,340.87,36.1,0.032,4.39
2023-11,Delhi,South Indian,2597,803206.48,309.23,34.2,0.048,4.72
2023-11,Delhi,Chinese,2958,1078221.28,364.49,33.0,0.047,4.71
2023-11,Delhi,Italian,1817,673429.55,370.49,28.4,0.031,4.75
2023-11,Delhi,Fast Food,4117,1672550.71,406.24,33.4,0.033,4.36
2023-11,Bangalore,North Indian,2847,1151079.91,404.28,29.6,0.024,4.4
2023-11,Bangalore,South Indian,2326,785346.16,337.57,37.0,0.036,4.79
2023-11,Bangalore,Chinese,3115,1196524.76,384.04,37.4,0.046,4.23
2023-11,Bangalore,Italian,1645,568210.53,345.37,33.3,0.035,4.4
2023-11,Bangalore,Fast Food,3670,1400592.14,381.56,34.5,0.029,4.73
2023-11,Pune,North Indian,2480,846196.59,341.15,37.4,0.028,4.31
2023-11,Pune,South Indian,1959,750919.81,383.14,29.4,0.032,4.47
2023-11,Pune,Chinese,2038,803963.38,394.32,32.1,0.028,4.37
2023-11,Pune,Italian,1171,406500.61,346.98,36.2,0.025,4.7
2023-11,Pune,Fast Food,2813,881294.34,313.18,34.8,0.042,4.41
2023-11,Hyderabad,North Indian,2554,795103.78,311.23,33.9,0.043,4.79
2023-11,Hyderabad,South Indian,2008,619802.73,308.57,30.9,0.035,4.57
2023-11,Hyderabad,Chinese,2432,803650.91,330.38,31.1,0.038,4.64
2023-11,Hyderabad,Italian,1322,528748.7,399.87,32.2,0.049,4.34
2023-11,Hyderabad,Fast Food,2891,867186.96,299.9,29.1,0.048,4.72
2023-11,Chennai,North Indian,2994,1228137.8,410.09,35.8,0.04,4.77
2023-11,Chennai,South Indian,2157,779712.51,361.32,29.4,0.024,4.51
2023-11,Chennai,Chinese,2379,890834.71,374.42,35.0,0.033,4.28
2023-11,Chennai,Italian,1416,553333.94,390.69,30.5,0.032,4.79
2023-11,Chennai,Fast Food,3144,1093756.46,347.83,30.4,0.03,4.49
2023-12,Mumbai,North Indian,3226,1353681.63,419.51,35.2,0.036,4.27
2023-12,Mumbai,South Indian,2231,727354.04,325.9,37.9,0.023,4.4
2023-12,Mumbai,Chinese,2903,1196571.28,412.11,28.3,0.047,4.32
2023-12,Mumbai,Italian,1791,583095.38,325.5,29.2,0.027,4.45
2023-12,Mumbai,Fast Food,3921,1171845.62,298.86,32.0,0.032,4.31
2023-12,Delhi,North Indian,2913,835783.92,286.84,36.4,0.043,4.8
2023-12,Delhi,South Indian,2149,802717.02,373.51,35.2,0.047,4.7
2023-12,Delhi,Chinese,2870,1116298.44,388.92,37.1,0.044,4.64
2023-12,Delhi,Italian,1545,452948.15,293.17,34.4,0.026,4.45
2023-12,Delhi,Fast Food,3259,1176014.09,360.75,30.3,0.031,4.4
2023-12,Bangalore,North Indian,2706,926642.49,342.32,34.4,0.038,4.67
2023-12,Bangalore,South Indian,2304,682327.72,296.04,31.7,0.024,4.21
2023-12,Bangalore,Chinese,2560,981336.93,383.23,36.4,0.041,4.47
2023-12,Bangalore,Italian,1445,510090.04,352.98,29.8,0.021,4.56
2023-12,Bangalore,Fast Food,3799,1483960.96,390.55,35.2,0.044,4.26
2023-12,Pune,North Indian,2251,705283.12,313.27,36.0,0.048,4.54
2023-12,Pune,South Indian,1522,581459.14,381.91,32.9,0.032,4.57
2023-12,Pune,Chinese,1888,536143.98,283.92,31.8,0.021,4.75
2023-12,Pune,Italian,1119,319163.57,284.98,35.4,0.02,4.66
2023-12,Pune,Fast Food,2504,927212.55,370.2,30.9,0.046,4.38
2023-12,Hyderabad,North Indian,2324,961529.58,413.67,34.1,0.028,4.25
2023-12,Hyderabad,South Indian,1640,512184.2,312.16,35.1,0.033,4.4
2023-12,Hyderabad,Chinese,2065,842337.38,407.8,30.6,0.039,4.52
2023-12,Hyderabad,Italian,1183,346673.08,292.93,31.0,0.049,4.41
2023-12,Hyderabad,Fast Food,2480,792727.26,319.55,33.3,0.046,4.52
2023-12,Chennai,North Indian,2605,911626.29,349.84,28.5,0.038,4.79
2023-12,Chennai,South Indian,1636,569849.21,348.25,32.0,0.048,4.8
2023-12,Chennai,Chinese,2056,729080.58,354.51,28.7,0.023,4.44
2023-12,Chennai,Italian,1177,341420.61,289.86,30.2,0.033,4.32
2023-12,Chennai,Fast Food,2704,809165.83,299.19,32.7,0.041,4.57
2024-01,Mumbai,North Indian,3129,1076545.93,344.05,31.2,0.024,4.44
2024-01,Mumbai,South Indian,2263,791784.84,349.75,31.8,0.044,4.42
2024-01,Mumbai,Chinese,2773,800963.97,288.75,28.7,0.049,4.34
2024-01,Mumbai,Italian,1645,531375.4,322.91,29.0,0.045,4.3
2024-01,Mumbai,Fast Food,3993,1335208.98,334.38,33.2,0.039,4.45
2024-01,Delhi,North Indian,3128,1102503.44,352.42,33.6,0.048,4.35
2024-01,Delhi,South Indian,2040,591932.47,290.15,28.2,0.02,4.79
2024-01,Delhi,Chinese,2926,956569.34,326.82,31.5,0.047,4.75
2024-01,Delhi,Italian,1525,546997.19,358.55,36.7,0.041,4.43
2024-01,Delhi,Fast Food,3835,1443056.36,376.24,34.2,0.041,4.57
2024-01,Bangalore,North Indian,2802,849617.98,303.12,35.8,0.046,4.4
2024-01,Bangalore,South Indian,2152,725493.55,337.02,36.0,0.043,4.53
2024-01,Bangalore,Chinese,2486,925796.77,372.36,33.3,0.02,4.28
2024-01,Bangalore,Italian,1539,529167.52,343.8,36.8,0.045,4.26
2024-01,Bangalore,Fast Food,3500,1042965.04,297.95,32.2,0.041,4.62
2024-01,Pune,North Indian,2255,874597.54,387.83,37.5,0.036,4.76
2024-01,Pune,South Indian,1615,615795.45,381.21,36.6,0.025,4.52
2024-01,Pune,Chinese,2010,776607.32,386.26,35.2,0.025,4.71
2024-01,Pune,Italian,1178,358642.16,304.45,31.1,0.025,4.79
2024-01,Pune,Fast Food,2705,998332.26,369.03,34.0,0.033,4.21
2024-01,Hyderabad,North Indian,2353,818921.9,347.93,32.3,0.039,4.21
2024-01,Hyderabad,South Indian,1730,526835.22,304.48,35.4,0.033,4.4
2024-01,Hyderabad,Chinese,1976,558475.46,282.49,32.6,0.029,4.66
2024-01,Hyderabad,Italian,1154,337546.52,292.29,36.7,0.03,4.63
2024-01,Hyderabad,Fast Food,2868,916039.02,319.38,32.1,0.038,4.43
2024-01,Chennai,North Indian,2475,826994.41,334.08,35.8,0.028,4.76
2024-01,Chennai,South Indian,1742,650019.67,373.05,31.5,0.041,4.31
2024-01,Chennai,Chinese,2285,816088.41,357.05,33.5,0.033,4.57
2024-01,Chennai,Italian,1363,570402.35,418.22,37.4,0.029,4.34
2024-01,Chennai,Fast Food,2902,1023835.99,352.7,37.6,0.041,4.38
2024-02,Mumbai,North Indian,3417,1239795.39,362.79,32.4,0.033,4.53
2024-02,Mumbai,South Indian,2308,896905.14,388.55,29.4,0.04,4.33
2024-02,Mumbai,Chinese,2657,821085.33,308.92,32.1,0.04,4.25
2024-02,Mumbai,Italian,1571,619399.39,394.07,28.6,0.027,4.39
2024-02,Mumbai,Fast Food,3804,1081928.35,284.37,33.7,0.043,4.65
2024-02,Delhi,North Indian,2981,1216164.73,407.92,30.9,0.024,4.73
2024-02,Delhi,South Indian,2389,962664.88,402.86,31.5,0.037,4.57
2024-02,Delhi,Chinese,2661,836411.45,314.29,28.2,0.021,4.27
2024-02,Delhi,Italian,1578,528847.51,335.04,33.8,0.024,4.69
2024-02,Delhi,Fast Food,3855,1456878.12,377.85,34.2,0.049,4.46
2024-02,Bangalore,North Indian,3035,982150.67,323.5,35.5,0.039,4.23
2024-02,Bangalore,South Indian,2033,781665.95,384.32,37.4,0.03,4.65
2024-02,Bangalore,Chinese,2469,859963.97,348.3,36.9,0.039,4.22
2024-02,Bangalore,Italian,1530,511763.04,334.48,30.6,0.031,4.24
2024-02,Bangalore,Fast Food,3604,1196785.51,332.05,28.5,0.046,4.38
2024-02,Pune,North Indian,2315,718577.88,310.33,35.0,0.03,4.69
2024-02,Pune,South Indian,1605,494700.98,308.07,37.7,0.04,4.67
2024-02,Pune,Chinese,1917,604043.38,314.94,34.1,0.045,4.67
2024-02,Pune,Italian,1232,377310.07,306.13,28.8,0.046,4.31
2024-02,Pune,Fast Food,2702,949748.55,351.41,37.0,0.035,4.28
2024-02,Hyderabad,North Indian,2396,795000.92,331.76,35.8,0.037,4.7
2024-02,Hyderabad,South Indian,1661,549438.33,330.59,36.1,0.034,4.65
2024-02,Hyderabad,Chinese,2161,720899.06,333.54,30.1,0.033,4.53
2024-02,Hyderabad,Italian,1224,390093.01,318.5,36.1,0.039,4.28
2024-02,Hyderabad,Fast Food,2925,1151067.36,393.41,30.8,0.036,4.45
2024-02,Chennai,North Indian,2541,1023165.11,402.65,37.6,0.032,4.77
2024-02,Chennai,South Indian,1732,592756.95,342.14,29.6,0.024,4.67
2024-02,Chennai,Chinese,2185,714992.99,327.09,29.7,0.023,4.31
2024-02,Chennai,Italian,1186,485102.95,408.77,28.3,0.028,4.21
2024-02,Chennai,Fast Food,2911,1170357.96,402.01,30.7,0.022,4.71
2024-03,Mumbai,North Indian,3145,1282977.74,407.91,32.8,0.025,4.44
2024-03,Mumbai,South Indian,2499,983119.46,393.27,36.3,0.043,4.75
2024-03,Mumbai,Chinese,2741,776540.63,283.29,36.0,0.025,4.52
2024-03,Mumbai,Italian,1629,544836.29,334.32,34.6,0.022,4.46
2024-03,Mumbai,Fast Food,3424,1422594.69,415.41,36.9,0.026,4.51
2024-03,Delhi,North Indian,3366,952571.37,282.93,32.5,0.023,4.71
2024-03,Delhi,South Indian,2503,795456.93,317.71,36.3,0.034,4.73
2024-03,Delhi,Chinese,2978,932680.69,313.09,37.0,0.032,4.38
2024-03,Delhi,Italian,1490,541498.19,363.34,37.0,0.032,4.79
2024-03,Delhi,Fast Food,3791,1197536.24,315.85,33.6,0.043,4.55
2024-03,Bangalore,North Indian,2942,1231312.62,418.4,32.2,0.035,4.3
2024-03,Bangalore,South Indian,2068,831702.9,402.17,28.2,0.03,4.28
2024-03,Bangalore,Chinese,2470,748446.91,302.98,28.4,0.041,4.63
2024-03,Bangalore,Italian,1490,515078.62,345.56,36.2,0.032,4.46
2024-03,Bangalore,Fast Food,3137,1239694.51,395.17,35.6,0.021,4.68
2024-03,Pune,North Indian,2265,774623.37,341.9,33.1,0.049,4.5
2024-03,Pune,South Indian,1691,652682.06,385.81,30.6,0.022,4.44
2024-03,Pune,Chinese,1861,715284.56,384.27,32.3,0.029,4.4
2024-03,Pune,Italian,1158,431816.35,372.81,32.4,0.044,4.73
2024-03,Pune,Fast Food,2674,1068896.95,399.72,37.5,0.023,4.3
2024-03,Hyderabad,North Indian,2179,828986.16,380.41,34.4,0.041,4.38
2024-03,Hyderabad,South Indian,1867,540986.07,289.64,33.3,0.031,4.56
2024-03,Hyderabad,Chinese,2046,827676.25,404.37,36.1,0.025,4.37
2024-03,Hyderabad,Italian,1304,415641.49,318.73,36.4,0.046,4.25
2024-03,Hyderabad,Fast Food,2565,1016109.58,396.12,29.8,0.037,4.47
2024-03,Chennai,North Indian,2434,870209.17,357.45,35.4,0.05,4.65
2024-03,Chennai,South Indian,1941,677900.58,349.17,28.4,0.029,4.49
2024-03,Chennai,Chinese,2081,751966.6,361.29,31.9,0.029,4.28
2024-03,Chennai,Italian,1175,444563.14,378.26,28.6,0.049,4.41
2024-03,Chennai,Fast Food,3006,1163346.96,386.97,36.3,0.024,4.65
2024-04,Mumbai,North Indian,3460,1039517.27,300.38,32.8,0.045,4.77
2024-04,Mumbai,South Indian,2307,833269.84,361.14,31.9,0.04,4.53
2024-04,Mumbai,Chinese,3041,966248.03,317.72,33.7,0.025,4.25
2024-04,Mumbai,Italian,1631,498689.76,305.64,35.7,0.03,4.8
2024-04,Mumbai,Fast Food,3983,1273400.84,319.64,30.3,0.027,4.38
2024-04,Delhi,North Indian,2769,842276.8,304.14,35.6,0.049,4.72
2024-04,Delhi,South Indian,2189,765934.06,349.76,34.1,0.045,4.74
2024-04,Delhi,Chinese,2814,884148.88,314.19,37.7,0.035,4.28
2024-04,Delhi,Italian,1607,521679.31,324.44,32.7,0.025,4.62
2024-04,Delhi,Fast Food,3954,1539294.67,389.25,36.5,0.04,4.8
2024-04,Bangalore,North Indian,3029,849147.86,280.33,28.3,0.022,4.75
2024-04,Bangalore,South Indian,2199,812927.92,369.55,35.6,0.05,4.28
2024-04,Bangalore,Chinese,2450,782018.25,319.09,34.1,0.035,4.67
2024-04,Bangalore,Italian,1497,476989.06,318.54,31.3,0.031,4.3
2024-04,Bangalore,Fast Food,3640,1120580.48,307.78,33.1,0.033,4.36
2024-04,Pune,North Indian,2217,759951.17,342.76,32.6,0.044,4.23
2024-04,Pune,South Indian,1680,552330.75,328.75,31.7,0.034,4.58
2024-04,Pune,Chinese,1999,826323.41,413.18,34.7,0.034,4.51
2024-04,Pune,Italian,1205,342529.45,284.18,35.1,0.036,4.35
2024-04,Pune,Fast Food,2983,1166847.97,391.14,28.5,0.04,4.3
2024-04,Hyderabad,North Indian,2631,1029292.56,391.21,37.3,0.047,4.35
2024-04,Hyderabad,South Indian,1884,765919.13,406.53,30.6,0.046,4.67
2024-04,Hyderabad,Chinese,2120,659133.38,310.8,33.4,0.047,4.29
2024-04,Hyderabad,Italian,1234,435858.62,353.02,35.1,0.024,4.51
2024-04,Hyderabad,Fast Food,2579,818622.25,317.32,36.1,0.049,4.34
2024-04,Chennai,North Indian,2472,955710.49,386.56,33.2,0.03,4.77
2024-04,Chennai,South Indian,1870,759329.63,406.0,31.9,0.039,4.48
2024-04,Chennai,Chinese,2114,713190.63,337.3,31.3,0.024,4.55
2024-04,Chennai,Italian,1375,526033.2,382.49,28.8,0.041,4.55
2024-04,Chennai,Fast Food,3107,972299.41,312.9,32.6,0.043,4.22
2024-05,Mumbai,North Indian,3130,1185227.26,378.59,33.3,0.048,4.51
2024-05,Mumbai,South Indian,2220,729963.16,328.81,29.5,0.043,4.57
2024-05,Mumbai,Chinese,3090,1124855.83,364.01,29.1,0.023,4.75
2024-05,Mumbai,Italian,1601,659919.69,411.99,35.9,0.034,4.5
2024-05,Mumbai,Fast Food,3912,1438991.45,367.82,35.7,0.038,4.58
2024-05,Delhi,North Indian,2863,887274.45,309.88,29.2,0.046,4.64
2024-05,Delhi,South Indian,2097,848485.22,404.55,37.0,0.028,4.21
2024-05,Delhi,Chinese,2631,873356.45,331.87,32.0,0.042,4.38
2024-05,Delhi,Italian,1548,562804.97,363.41,34.8,0.038,4.62
2024-05,Delhi,Fast Food,3618,1370124.85,378.66,36.7,0.04,4.59
2024-05,Bangalore,North Indian,3053,1040963.04,340.96,29.2,0.029,4.3
2024-05,Bangalore,South Indian,2228,848202.76,380.68,33.4,0.047,4.5
2024-05,Bangalore,Chinese,2598,731331.61,281.46,34.0,0.026,4.24
2024-05,Bangalore,Italian,1584,572731.73,361.54,35.0,0.045,4.55
2024-05,Bangalore,Fast Food,3176,1323739.6,416.71,31.8,0.036,4.45
2024-05,Pune,North Indian,2231,839675.97,376.28,31.7,0.023,4.25
2024-05,Pune,South Indian,1726,707564.8,409.94,32.0,0.045,4.55
2024-05,Pune,Chinese,2029,658447.91,324.51,30.2,0.022,4.34
2024-05,Pune,Italian,1128,377794.23,334.86,28.2,0.023,4.37
2024-05,Pune,Fast Food,2728,1072044.01,392.91,36.9,0.024,4.46
2024-05,Hyderabad,North Indian,2506,904211.16,360.69,36.7,0.037,4.74
2024-05,Hyderabad,South Indian,1763,664585.92,376.92,30.5,0.045,4.77
2024-05,Hyderabad,Chinese,2115,816014.19,385.71,32.9,0.021,4.46
2024-05,Hyderabad,Italian,1093,330984.13,302.75,32.7,0.049,4.42
2024-05,Hyderabad,Fast Food,3047,860601.01,282.41,36.0,0.03,4.53
2024-05,Chennai,North Indian,2459,768096.46,312.35,33.0,0.038,4.34
2024-05,Chennai,South Indian,1852,680920.5,367.51,31.8,0.026,4.29
2024-05,Chennai,Chinese,2274,881683.81,387.62,34.8,0.037,4.43
2024-05,Chennai,Italian,1395,433817.11,310.93,35.8,0.031,4.71
2024-05,Chennai,Fast Food,2938,1039638.44,353.83,36.1,0.046,4.68
2024-06,Mumbai,North Indian,3430,1289466.19,375.9,38.0,0.023,4.32
2024-06,Mumbai,South Indian,2498,779501.87,312.01,28.1,0.028,4.41
2024-06,Mumbai,Chinese,2894,1080635.03,373.31,29.0,0.04,4.72
2024-06,Mumbai,Italian,1710,652242.75,381.31,29.0,0.04,4.75
2024-06,Mumbai,Fast Food,4328,1552084.93,358.6,36.8,0.032,4.76
2024-06,Delhi,North Indian,3368,1131390.44,335.92,37.0,0.029,4.33
2024-06,Delhi,South Indian,2323,839920.98,361.56,36.7,0.039,4.44
2024-06,Delhi,Chinese,3001,1184823.87,394.77,35.9,0.024,4.4
2024-06,Delhi,Italian,1501,482972.3,321.67,28.4,0.03,4.51
2024-06,Delhi,Fast Food,3938,1244616.64,316.02,36.3,0.036,4.67
2024-06,Bangalore,North Indian,2853,861028.18,301.76,31.9,0.032,4.71
2024-06,Bangalore,South Indian,2374,989052.34,416.49,31.3,0.045,4.79
2024-06,Bangalore,Chinese,2496,899663.68,360.39,32.1,0.033,4.76
2024-06,Bangalore,Italian,1571,544873.55,346.7,29.2,0.024,4.74
2024-06,Bangalore,Fast Food,3480,1361294.15,391.16,33.4,0.039,4.29
2024-06,Pune,North Indian,2559,780327.05,304.82,31.3,0.04,4.37
2024-06,Pune,South Indian,1770,722897.43,408.34,36.0,0.035,4.47
2024-06,Pune,Chinese,2181,640826.97,293.7,34.9,0.048,4.6
2024-06,Pune,Italian,1132,369946.93,326.62,31.2,0.037,4.36
2024-06,Pune,Fast Food,2729,819382.89,300.17,33.4,0.05,4.27
2024-06,Hyderabad,North Indian,2394,751045.68,313.68,36.9,0.038,4.69
2024-06,Hyderabad,South Indian,1921,682613.38,355.31,37.1,0.028,4.34
2024-06,Hyderabad,Chinese,2356,963356.47,408.81,36.9,0.044,4.33
2024-06,Hyderabad,Italian,1193,362932.08,304.13,37.2,0.04,4.45
2024-06,Hyderabad,Fast Food,2555,744846.18,291.46,32.6,0.036,4.28
2024-06,Chennai,North Indian,2788,1105256.08,396.3,33.8,0.027,4.25
2024-06,Chennai,South Indian,1898,747138.44,393.63,33.9,0.026,4.46
2024-06,Chennai,Chinese,2375,719903.86,303.0,32.5,0.028,4.31
2024-06,Chennai,Italian,1389,392837.3,282.69,37.6,0.028,4.79
2024-06,Chennai,Fast Food,2972,1172007.88,394.23,34.2,0.024,4.27
2024-07,Mumbai,North Indian,3505,1264225.65,360.61,28.9,0.026,4.45
2024-07,Mumbai,South Indian,2450,983152.25,401.25,34.1,0.05,4.24
2024-07,Mumbai,Chinese,2914,1019839.82,349.92,38.0,0.049,4.35
2024-07,Mumbai,Italian,1654,680770.04,411.37,36.7,0.037,4.33
2024-07,Mumbai,Fast Food,4362,1539052.8,352.82,28.2,0.042,4.65
2024-07,Delhi,North Indian,3160,974287.82,308.26,36.0,0.048,4.62
2024-07,Delhi,South Indian,2427,761068.65,313.54,28.3,0.038,4.59
2024-07,Delhi,Chinese,2699,1051166.44,389.36,29.2,0.022,4.72
2024-07,Delhi,Italian,1653,626539.04,378.81,35.8,0.028,4.68
2024-07,Delhi,Fast Food,3780,1384609.22,366.26,29.8,0.023,4.24
2024-07,Bangalore,North Indian,3141,1046856.27,333.23,34.3,0.043,4.56
2024-07,Bangalore,South Indian,1998,723787.29,362.1,29.4,0.033,4.33
2024-07,Bangalore,Chinese,2770,1048721.38,378.53,30.3,0.047,4.53
2024-07,Bangalore,Italian,1597,534603.56,334.69,35.2,0.04,4.65
2024-07,Bangalore,Fast Food,3619,1448119.15,400.14,35.3,0.046,4.77
2024-07,Pune,North Indian,2383,994609.08,417.38,32.8,0.035,4.41
2024-07,Pune,South Indian,1680,563955.85,335.68,36.7,0.04,4.71
2024-07,Pune,Chinese,1897,618243.57,325.87,33.4,0.038,4.65
2024-07,Pune,Italian,1224,436199.13,356.32,32.6,0.045,4.57
2024-07,Pune,Fast Food,2674,956863.78,357.76,34.6,0.035,4.54
2024-07,Hyderabad,North Indian,2370,916619.23,386.72,31.2,0.023,4.65
2024-07,Hyderabad,South Indian,1900,716865.89,377.21,28.2,0.038,4.61
2024-07,Hyderabad,Chinese,2100,598496.09,284.9,32.3,0.033,4.46
2024-07,Hyderabad,Italian,1332,444580.47,333.59,30.2,0.024,4.46
2024-07,Hyderabad,Fast Food,2792,889449.98,318.47,32.4,0.035,4.49
2024-07,Chennai,North Indian,2563,873875.22,340.91,28.2,0.036,4.55
2024-07,Chennai,South Indian,1939,556937.41,287.08,30.7,0.037,4.28
2024-07,Chennai,Chinese,2174,715034.77,328.87,36.5,0.039,4.74
2024-07,Chennai,Italian,1229,501305.46,407.67,32.4,0.022,4.27
2024-07,Chennai,Fast Food,3000,1228444.7,409.47,30.0,0.047,4.56
2024-08,Mumbai,North Indian,3525,1291432.42,366.3,34.5,0.022,4.53
2024-08,Mumbai,South Indian,2625,872150.4,332.18,35.7,0.039,4.35
2024-08,Mumbai,Chinese,2889,1198070.11,414.58,28.8,0.041,4.54
2024-08,Mumbai,Italian,1756,604181.47,343.95,32.0,0.049,4.46
2024-08,Mumbai,Fast Food,4483,1875016.09,418.24,30.8,0.04,4.74
2024-08,Delhi,North Indian,3308,1178188.46,356.13,36.1,0.048,4.32
2024-08,Delhi,South Indian,2603,1046173.18,401.91,28.6,0.028,4.33
2024-08,Delhi,Chinese,2908,1121340.1,385.49,29.2,0.035,4.71
2024-08,Delhi,Italian,1555,474683.16,305.17,33.8,0.042,4.48
2024-08,Delhi,Fast Food,3799,1506120.84,396.41,33.1,0.038,4.36
2024-08,Bangalore,North Indian,3070,1027010.53,334.43,32.2,0.05,4.34
2024-08,Bangalore,South Indian,2323,899010.83,387.0,33.5,0.028,4.34
2024-08,Bangalore,Chinese,2559,985307.4,385.01,30.6,0.03,4.44
2024-08,Bangalore,Italian,1496,441379.35,294.9,32.5,0.049,4.63
2024-08,Bangalore,Fast Food,3595,1224759.07,340.68,37.6,0.026,4.47
2024-08,Pune,North Indian,2382,935586.22,392.64,32.4,0.038,4.75
2024-08,Pune,South Indian,1773,528938.07,298.33,28.4,0.03,4.75
2024-08,Pune,Chinese,1936,666346.86,344.17,31.9,0.031,4.67
2024-08,Pune,Italian,1205,429142.97,355.92,32.7,0.026,4.52
2024-08,Pune,Fast Food,2930,1055869.24,360.34,31.3,0.037,4.3
2024-08,Hyderabad,North Indian,2615,764291.69,292.24,32.8,0.042,4.39
2024-08,Hyderabad,South Indian,1889,787168.8,416.56,37.8,0.04,4.37
2024-08,Hyderabad,Chinese,2047,581280.87,283.94,34.9,0.043,4.65
2024-08,Hyderabad,Italian,1260,429323.62,340.52,34.6,0.021,4.44
2024-08,Hyderabad,Fast Food,2985,1117891.95,374.48,31.9,0.03,4.71
2024-08,Chennai,North Indian,2472,769860.42,311.34,37.9,0.037,4.49
2024-08,Chennai,South Indian,1877,639344.65,340.54,29.9,0.045,4.61
2024-08,Chennai,Chinese,2345,859628.41,366.48,29.4,0.049,4.59
2024-08,Chennai,Italian,1319,455756.04,345.28,31.3,0.029,4.76
2024-08,Chennai,Fast Food,3023,1122174.08,371.12,34.8,0.039,4.49
2024-09,Mumbai,North Indian,3624,1017831.96,280.8,31.8,0.04,4.43
2024-09,Mumbai,South Indian,2691,1053344.43,391.35,35.9,0.045,4.67
2024-09,Mumbai,Chinese,2611,966816.88,370.25,36.1,0.05,4.38
2024-09,Mumbai,Italian,1746,558662.78,319.88,31.3,0.035,4.26
2024-09,Mumbai,Fast Food,4054,1316294.91,324.69,34.8,0.03,4.69
2024-09,Delhi,North Indian,3115,930247.38,298.57,37.9,0.022,4.43
2024-09,Delhi,South Indian,2406,716766.99,297.84,34.1,0.046,4.55
2024-09,Delhi,Chinese,2844,831280.6,292.22,33.8,0.042,4.7
2024-09,Delhi,Italian,1581,593429.97,375.16,32.7,0.033,4.23
2024-09,Delhi,Fast Food,4140,1532754.66,370.16,33.4,0.028,4.61
2024-09,Bangalore,North Indian,3114,1025567.63,329.28,29.1,0.041,4.44
2024-09,Bangalore,South Indian,2365,723894.52,305.96,31.4,0.042,4.38
2024-09,Bangalore,Chinese,2772,1084913.46,391.28,33.9,0.044,4.38
2024-09,Bangalore,Italian,1578,643050.09,407.32,35.3,0.025,4.43
2024-09,Bangalore,Fast Food,3899,1405490.82,360.47,31.2,0.024,4.39
2024-09,Pune,North Indian,2236,645897.99,288.82,29.1,0.037,4.57
2024-09,Pune,South Indian,1697,532984.61,314.05,36.8,0.042,4.72
2024-09,Pune,Chinese,1030,348123.59,337.74,53.1,0.147,3.88
2024-09,Pune,Italian,1138,451820.33,397.01,36.3,0.032,4.6
2024-09,Pune,Fast Food,2994,901581.23,301.05,30.0,0.039,4.56
2024-09,Hyderabad,North Indian,2394,764721.56,319.39,29.1,0.03,4.32
2024-09,Hyderabad,South Indian,1928,781269.76,405.13,35.5,0.031,4.78
2024-09,Hyderabad,Chinese,2120,782543.68,369.1,28.4,0.041,4.54
2024-09,Hyderabad,Italian,1327,524486.38,395.16,36.7,0.028,4.27
2024-09,Hyderabad,Fast Food,2952,872190.6,295.45,34.0,0.036,4.21
2024-09,Chennai,North Indian,2651,748266.72,282.24,30.2,0.029,4.57
2024-09,Chennai,South Indian,2018,662966.64,328.41,35.6,0.025,4.39
2024-09,Chennai,Chinese,2400,1001503.65,417.21,32.2,0.041,4.38
2024-09,Chennai,Italian,1345,471577.26,350.52,28.7,0.028,4.35
2024-09,Chennai,Fast Food,3251,1334354.8,410.35,33.9,0.034,4.8
2024-10,Mumbai,North Indian,4085,1435628.62,351.36,31.6,0.022,4.32
2024-10,Mumbai,South Indian,3060,1135795.26,371.11,28.9,0.029,4.61
2024-10,Mumbai,Chinese,3201,1114500.1,348.12,35.1,0.04,4.37
2024-10,Mumbai,Italian,2112,759499.61,359.46,35.8,0.037,4.55
2024-10,Mumbai,Fast Food,4535,1320447.21,291.12,31.2,0.029,4.72
2024-10,Delhi,North Indian,3835,1116492.49,291.08,29.2,0.032,4.2
2024-10,Delhi,South Indian,2591,788178.35,304.15,33.3,0.032,4.46
2024-10,Delhi,Chinese,3638,1429454.59,392.84,33.2,0.044,4.55
2024-10,Delhi,Italian,2052,848631.19,413.52,36.0,0.024,4.46
2024-10,Delhi,Fast Food,4729,1880498.79,397.62,36.0,0.025,4.27
2024-10,Bangalore,North Indian,3421,1264415.94,369.56,33.2,0.032,4.69
2024-10,Bangalore,South Indian,2473,834778.32,337.54,35.5,0.043,4.33
2024-10,Bangalore,Chinese,2899,843072.26,290.78,28.3,0.045,4.37
2024-10,Bangalore,Italian,1839,522153.01,283.84,32.4,0.033,4.33
2024-10,Bangalore,Fast Food,4185,1601637.53,382.67,36.4,0.038,4.21
2024-10,Pune,North Indian,2983,1197771.97,401.52,29.4,0.046,4.57
2024-10,Pune,South Indian,2068,852502.97,412.09,37.5,0.027,4.57
2024-10,Pune,Chinese,1213,351745.76,289.93,50.0,0.155,3.87
2024-10,Pune,Italian,1445,555762.63,384.39,28.7,0.04,4.57
2024-10,Pune,Fast Food,3343,1173844.92,351.13,30.7,0.046,4.32
2024-10,Hyderabad,North Indian,3149,1077004.57,341.98,29.1,0.049,4.21
2024-10,Hyderabad,South Indian,2039,761189.45,373.14,28.6,0.026,4.38
2024-10,Hyderabad,Chinese,2435,1000180.03,410.59,33.8,0.03,4.27
2024-10,Hyderabad,Italian,1378,450811.42,327.05,28.2,0.03,4.62
2024-10,Hyderabad,Fast Food,3213,918099.61,285.68,29.6,0.05,4.48
2024-10,Chennai,North Indian,3012,916884.73,304.37,33.3,0.04,4.58
2024-10,Chennai,South Indian,2355,882937.02,374.86,33.7,0.022,4.56
2024-10,Chennai,Chinese,2608,964754.18,369.88,35.3,0.021,4.71
2024-10,Chennai,Italian,1477,562508.83,380.76,34.9,0.023,4.73
2024-10,Chennai,Fast Food,3560,1248414.46,350.61,35.2,0.042,4.41
2024-11,Mumbai,North Indian,3956,1541923.33,389.68,30.5,0.048,4.22
2024-11,Mumbai,South Indian,2978,952712.26,319.91,36.2,0.021,4.43
2024-11,Mumbai,Chinese,3380,1206594.32,356.93,32.0,0.029,4.44
2024-11,Mumbai,Italian,1892,777025.8,410.69,31.5,0.033,4.74
2024-11,Mumbai,Fast Food,4806,1612560.65,335.47,36.8,0.046,4.56
2024-11,Delhi,North Indian,3510,1160876.67,330.71,30.4,0.023,4.3
2024-11,Delhi,South Indian,2949,1011612.23,342.99,28.7,0.022,4.55
2024-11,Delhi,Chinese,3548,1102674.58,310.76,34.8,0.043,4.25
2024-11,Delhi,Italian,1919,763268.89,397.55,33.3,0.037,4.8
2024-11,Delhi,Fast Food,4305,1558288.39,361.9,35.3,0.047,4.45
2024-11,Bangalore,North Indian,3736,1506879.76,403.28,37.1,0.045,4.49
2024-11,Bangalore,South Indian,2533,821153.66,324.16,34.0,0.029,4.41
2024-11,Bangalore,Chinese,2934,1170053.36,398.73,28.1,0.04,4.35
2024-11,Bangalore,Italian,1762,546487.25,310.12,28.6,0.046,4.8
2024-11,Bangalore,Fast Food,4314,1738236.04,402.88,33.9,0.043,4.71
2024-11,Pune,North Indian,2691,815738.02,303.13,30.2,0.023,4.69
2024-11,Pune,South Indian,2041,654722.85,320.65,37.3,0.033,4.75
2024-11,Pune,Chinese,1237,364749.02,294.82,50.3,0.135,3.94
2024-11,Pune,Italian,1524,437328.11,286.87,36.9,0.036,4.77
2024-11,Pune,Fast Food,3508,1205777.94,343.64,37.6,0.021,4.73
2024-11,Hyderabad,North Indian,3117,1280685.62,410.74,37.2,0.043,4.39
2024-11,Hyderabad,South Indian,2177,690523.6,317.09,33.5,0.042,4.23
2024-11,Hyderabad,Chinese,2501,1007763.27,402.93,35.3,0.041,4.38
2024-11,Hyderabad,Italian,1515,554275.63,365.65,37.6,0.038,4.36
2024-11,Hyderabad,Fast Food,3495,1114858.81,318.9,31.8,0.023,4.44
2024-11,Chennai,North Indian,2954,829616.38,280.76,33.7,0.029,4.72
2024-11,Chennai,South Indian,2276,944256.27,414.8,28.7,0.036,4.5
2024-11,Chennai,Chinese,2713,972412.31,358.32,30.5,0.026,4.42
2024-11,Chennai,Italian,1560,490503.19,314.32,32.5,0.022,4.34
2024-11,Chennai,Fast Food,3730,1220766.14,327.25,28.1,0.032,4.72
2024-12,Mumbai,North Indian,3460,1319210.58,381.24,32.3,0.044,4.33
2024-12,Mumbai,South Indian,2491,841237.01,337.62,35.4,0.043,4.3
2024-12,Mumbai,Chinese,3017,1006713.05,333.68,37.3,0.046,4.29
2024-12,Mumbai,Italian,1762,713219.59,404.69,36.3,0.042,4.43
2024-12,Mumbai,Fast Food,4132,1269885.91,307.32,28.8,0.024,4.56
2024-12,Delhi,North Indian,3229,1314749.99,407.16,32.9,0.037,4.62
2024-12,Delhi,South Indian,2460,1011493.41,411.16,35.0,0.042,4.73
2024-12,Delhi,Chinese,3047,1105071.07,362.66,35.9,0.025,4.33
2024-12,Delhi,Italian,1631,583702.23,357.71,32.7,0.042,4.77
2024-12,Delhi,Fast Food,4468,1261249.46,282.25,29.3,0.029,4.41
2024-12,Bangalore,North Indian,3036,1225239.65,403.5,32.8,0.041,4.6
2024-12,Bangalore,South Indian,2491,993816.26,398.86,30.0,0.041,4.73
2024-12,Bangalore,Chinese,2587,964506.8,372.83,30.0,0.029,4.7
2024-12,Bangalore,Italian,1566,486548.18,310.56,32.6,0.035,4.46
2024-12,Bangalore,Fast Food,3740,1402326.4,374.95,34.3,0.05,4.29
2024-12,Pune,North Indian,2583,935021.85,361.92,30.4,0.038,4.65
2024-12,Pune,South Indian,1719,613012.91,356.6,33.5,0.029,4.51
2024-12,Pune,Chinese,1103,355390.97,322.01,56.0,0.115,3.9
2024-12,Pune,Italian,1216,490408.99,403.1,30.9,0.032,4.67
2024-12,Pune,Fast Food,2741,1151046.63,419.88,36.2,0.023,4.3
2024-12,Hyderabad,North Indian,2610,1002691.06,384.16,32.5,0.044,4.3
2024-12,Hyderabad,South Indian,1721,524587.37,304.73,37.2,0.05,4.25
2024-12,Hyderabad,Chinese,2283,756799.76,331.44,37.4,0.045,4.29
2024-12,Hyderabad,Italian,1384,405684.73,293.07,35.9,0.037,4.3
2024-12,Hyderabad,Fast Food,2888,1159822.6,401.6,35.0,0.04,4.71
2024-12,Chennai,North Indian,2568,928957.63,361.67,32.3,0.046,4.23
2024-12,Chennai,South Indian,1796,708376.15,394.22,30.9,0.04,4.75
2024-12,Chennai,Chinese,2385,812487.68,340.64,33.3,0.028,4.68
2024-12,Chennai,Italian,1260,475864.53,377.61,33.2,0.028,4.53
2024-12,Chennai,Fast Food,3450,1268481.35,367.67,28.7,0.022,4.59
